open	0.0	13.0	§GEOREF_SITE lat=42.358 lon=-71.060 (ifc_site) = Boston · §CPE_DAY_COUNTER day=1 · red1 opening	F: Selamat pagi, dari Boston! | M: Sebuah hospital, sedang dibina.	F: Selamat pagi dari Boston! Apa yang kita ada di sini? | M: Sebuah hospital. Data IFC-nya mengira semua yang anda lihat. | F: Semuanya? | M: Cara dibina, kosnya... dan titik butanya.
inside	13.0	18.4	§LINEAR_BEAT_DRAW beam · §SLAB_BEAT_LABEL · §FLYTHRU_DATUM_ENTRY 10.75 s	M: Dan kita sudah di dalam.	M: Keluli, lantai... dan kita di dalam. | F: Masih dibina lagi!
hall	18.4	30.4	§INDOOR_BEAT_DRAW hall 6,239 m² · height 5,498 mm · §RULE_FILM_EXIT_STAT ~217 steps	F: Wah, tengok dewan ini! | M: Lebih enam ribu meter persegi.	F: Wah, dewan ini! | M: Lebih enam ribu meter persegi, tinggi lima setengah meter. | F: Laluan keluar paling jauh? | M: Kira-kira dua ratus tujuh belas langkah.
days	30.4	43.8	§CPE_DAY_COUNTER day 137→182 · §CPE_BUILDUP 40,725/63,418 at 40 s · §COST_ODOMETER	F: Di luar, kalendar berlari laju!	F: Sementara itu, di luar, kalendar berlari laju! | M: Hari seratus lapan puluh. Hampir dua pertiga komponen sudah dipasang. | F: Setiap satu dijadualkan, dan dikoskan, terus dari model.
checks	43.8	56.9	§MEASURE_BOX Structural · §RULE_FILM structuralTotal=384 egressTotal=26	F: Kotak apa tu? | M: Semakan struktur.	F: Eh, kotak apa tu? | M: Semakan struktur. Model menyemak dirinya sendiri. | F: Berapa banyak? | M: Tiga ratus lapan puluh empat struktur. Dua puluh enam keselamatan.
egress	56.9	62.9	§MEASURE_BOX "Safety — common path of egress travel" limit 22.9 m	F: Dan keselamatan? | M: Jalan ke pintu keluar.	F: Keselamatan maksudnya? | M: Berapa jauh anda berjalan, sebelum ada pilihan pintu keluar.
door	62.9	72.5	§INDOOR_BEAT_DRAW door 1,080 × 2,110 mm · §MEASURE_BUILDING_CARD 440 doors	F: Pintu pun diukur!	F: Pintu pun diukur! | M: Seribu lapan puluh, darab dua ribu seratus sepuluh. Dan ada empat ratus empat puluh semuanya.
done	72.5	82.8	§CPE_BUILDUP 63,418/63,418 + §CPE_DAY_COUNTER day=321 (frame 1740) · §COST_ODOMETER_FINAL hours=94,880.8	F: Hari tiga ratus dua puluh satu! | M: Siap.	F: Hari tiga ratus dua puluh satu! | M: Siap sepenuhnya. Enam puluh tiga ribu komponen... dan hampir sembilan puluh lima ribu jam kerja.
loadpath	82.8	95.0	§LOADPATH_STACK (hold 82.8–90.2 s) · §MEASURE_BOX "Safety — isolated room" 83.06 · §EGRESS isolated_room=1	F: Kenapa ia berhenti? | M: Laluan beban.	F: Eh, kenapa berhenti? | M: Itu laluan beban. Nampak beban turun, tingkat demi tingkat. | F: Kotak keselamatan itu? | M: Satu bilik terpencil. Titik buta.
clash	95.0	115.0	§CLASH_NARROWPHASE broad=1478 meshTrue=271 falsePositiveRate=79.0% · clash_film.js tolerance per rule	F: Tengok, semua pertembungan! | M: Pertindihan jejaring sebenar.	F: Tengok, ia tunjuk semua pertembungan! | M: Ya. Tapi bukan kotak sempadan. Pertindihan jejaring sebenar, disemak ikut toleransinya. | F: Penting ke? | M: Kotak menanda hampir seribu lima ratus. Pertindihan sebenar? Dua ratus tujuh puluh satu. | F: Jadi empat daripada lima, penggera palsu!
which	115.0	133.8	§CLASH_LABELS top pairs: Pipe/Duct 66, Cable Tray/Wall 44 · clash_labels.js "[Tolerance mm/Clash mm]" · §MEASURE_BOX "Structural — span depth cantilever" (linger 123.03) · red1 own narration (false alarms point)	F: Apa yang paling banyak? | M: Paip dengan saluran udara.	F: Apa yang paling banyak bertembung? | M: Paip dengan saluran udara. Dulang kabel, dengan dinding. | F: Label tunjuk toleransi, dan kedalaman. | M: Ada penggera palsu. Tapi kalau masalah itu ada, ia jumpa. | F: Kotak itu? | M: Rentang dan kedalaman rasuk. Cukup dalamkah?
rules2	133.8	148.7	§MEASURE_BOX "Safety — circulation distance" 133.8 · "Structural — column continuity" 137.1 · §EGRESS circulation_distance=13 · §STRUCT_SANITY column_continuity=15	F: Lagi semakan. | M: Edaran dan tiang.	F: Lagi kotak. Jarak edaran? | M: Tiga belas laluan terlalu jauh ke pintu keluar. | F: Dan kesinambungan tiang. | M: Lima belas tiang ditanda, dari tingkat ke tingkat.
datum	148.7	159.8	§FLYTHRU_DATUM_LIFE2 148.7–163.4 s (setting-out sheet over finished building)	F: Lukisan pemancangan sekali lagi.	F: Oh, lukisan pemancangan sekali lagi! | M: Diletakkan terus di atas bangunan yang sudah siap.
parade	159.8	167.8	§CLASH_DISC_ARRIVAL_HIGHLIGHT FP 38 · ELEC 33 · MEP 133	M: Sekarang, ikut disiplin.	F: Ikut disiplin! Kebakaran tiga puluh lapan, elektrik tiga puluh tiga, mekanikal seratus tiga puluh tiga!
pairs	167.8	172.6	§CLASH_HUD_HIGHLIGHT ARC|STR 66	M: Seni bina dengan struktur.	M: Pasangan terbesar? Seni bina dengan struktur. Enam puluh enam.
reveal	172.6	193.9	§FINDINGS_CEASE storey-reveal-onset · §STOREY_REVEAL_TIMING 7 bands · §CLASH_HUD_HIGHLIGHT FP|MEP 81 (f4116) MEP|STR 38 (f4205) FP|STR 38 (f4294) ARC|ELEC 29 (f4383) ELEC|MEP 14 (f4472) ELEC|STR 4 (f4561)	F: Aras demi aras, seluruh hospital.	F: Kini, tanda ke tepi. | M: Aras demi aras... seluruh hospital. | F: Panel tepi terus mengira! Kebakaran dan mekanikal, lapan puluh satu. | M: Mekanikal dan struktur, tiga puluh lapan. Kebakaran dan struktur, sama. | F: Seni bina dan elektrik, dua puluh sembilan. | M: Semuanya, dari satu fail IFC.
value	193.9	198.8	red1 own narration (HospitalNarrative 169.9–187.1 s)	F: Serta-merta? | M: Tiada panggilan AI.	F: Serta-merta? | M: Tiada pemasangan, tiada panggilan AI.
cards	198.8	206.8	§MEASURE_BUILDING_CARD 440 doors · 22,031,100 total estimated cost · red1 sign-off	M: Dua puluh dua juta, anggaran.	F: Jadi, kesimpulannya? | M: Dua puluh dua juta, anggaran. | F: Semoga hari anda ceria!
