greet_en	0.0	1.6	lang=en · polyglot greeting round (PLAYBOOK B rule 2)	F: Hello!	F: Hello everyone!
greet_ms	1.6	3.2	lang=ms	M: Selamat petang!	M: Selamat petang!
greet_zh	3.2	4.8	lang=zh	F: 大家好！	F: 大家好！
greet_th	4.8	6.4	lang=th	M: สวัสดีครับ	M: สวัสดีครับ
greet_ar	6.4	8.0	lang=ar	F: السلام عليكم	F: السلام عليكم
greet_fr	8.0	9.6	lang=fr	M: Bonjour !	M: Bonjour à tous !
open	9.6	25.6	approach beat (dive 0–25.6 s, §CINEMA_PACING) · §0 7 IFCs Civil 3D 2024 · §ROAD_PANELS routeLenM=2110 · red1: debut + 'any construction discipline'	F: Today, civil works makes its debut! | M: Same BIM compiler.	F: Today, a debut... civil works! | M: Jalan Jelapang. Two kilometres of road, seven IFC files from Civil 3D. | F: A test? | M: That one BIM compiler takes any construction discipline.
counts	29.0	37.0	§ROAD_PANELS card 1 counts @29.5 s · §CIVIL_DISC (discipline from file name, all IfcBuildingElementProxy)	F: What's that card? | M: This stretch, counted.	F: What's on that card? | M: This stretch, counted from the model. | F: From plain proxies? | M: Yes. The discipline comes from the file name.
check	37.0	48.0	§ROAD_PANELS card 2 check @37.5 s · §ROAD_CHECK_FILM rows=302 valid=20 speculative=282 · road_rules.json sign_mounting_height 1.8 m ATJ 2B §1.3, film_status speculative	F: And that formula? | M: A road check, tagged speculative.	F: And that formula? | M: A road check. Sign height, against the JKR rule. | F: Speculative? | M: The method is still under review. We tag what's proven... and what isn't yet.
terrain	48.0	56.0	§ROAD_PANELS card 3 planned @48.5 s · §0 JELAPANG_EARTHWORK.ifc = 0 elements	F: Where's the ground? | M: Terrain comes later.	F: Where's the ground? | M: The terrain didn't export. Weather and traffic are planned too.
fourD	60.00	66.80	build-up topout u=0.50 (§ROAD_PANELS window end 0.5000, §ALTC_V2 V5) · §CHAINAGE_LEVELS sections=29 · lamps before own pavement 0 (witness_civil_chainage_buildup) · +4.0 s for the load-path freeze inserted at 56.0 s (§LOADPATH_HOLD_INSERT framesInserted=60, BIM_JELAPANG_v2.log)	F: Built already? | M: By half-way.	F: Built already? | M: By half-way. Section by section, each trade in order.
fiveD	66.80	73.60	§R civil rates null 'pending' · JKR SoR 2023 being obtained · +4.0 s for the load-path freeze inserted at 56.0 s (§LOADPATH_HOLD_INSERT framesInserted=60, BIM_JELAPANG_v2.log)	F: And the cost? | M: Rates pending.	F: And the cost? | M: Quantities, yes. Rates wait for the official schedule.
lamps	73.60	80.40	parade slot LIGHTING · §NIGHT_CIVIL_LAMPS heads=223 (RE-CHECK in this bake log) · +4.0 s for the load-path freeze inserted at 56.0 s (§LOADPATH_HOLD_INSERT framesInserted=60, BIM_JELAPANG_v2.log)	F: Those lights? | M: Two hundred twenty three heads.	F: Those lights? | M: Two hundred and twenty three lamp heads, read from each column's mesh.
tech	80.40	87.20	§MESH_SLIM / SQLite WASM + three.js, no server · +4.0 s for the load-path freeze inserted at 56.0 s (§LOADPATH_HOLD_INSERT framesInserted=60, BIM_JELAPANG_v2.log)	F: One browser tab? | M: SQLite, local first.	F: All in one browser tab? | M: SQLite in WebAssembly. Local first, no server.
clash	87.20	94.00	parade slot DRAINAGE · THIS bake log §CLASH_NARROWPHASE pair=film broad=1011 obbSurvivors=826 meshTrue=138 (BIM_JELAPANG_v2.log) · +4.0 s for the load-path freeze inserted at 56.0 s (§LOADPATH_HOLD_INSERT framesInserted=60, BIM_JELAPANG_v2.log)	F: Real clashes? | M: One hundred thirty eight.	F: Do the drains clash with the road? | M: A thousand boxes overlap. One hundred thirty eight really touch.
onthefly	94.00	100.70	red1 2026-10-05 'on the fly including this movie' · §ALTC_V2 path from the model (§CLI_BAKE_RESOLVED route = A.civilDriveRoute) · +4.0 s for the load-path freeze inserted at 56.0 s (§LOADPATH_HOLD_INSERT framesInserted=60, BIM_JELAPANG_v2.log)	F: Who prepared this? | M: Nobody, by hand.	F: Who prepared all this? | M: Nobody, by hand. Even this film's path is computed.
field	100.70	107.60	red1's stated plan: Modeller → civil works; his own words 'welcomes the challenge' · roadmap terrain/alignment/rates (RESUME) · +4.0 s for the load-path freeze inserted at 56.0 s (§LOADPATH_HOLD_INSERT framesInserted=60, BIM_JELAPANG_v2.log)	F: What's next? | M: The Modeller goes civil.	F: What's next? | M: Terrain, alignment, rates... and the Modeller goes civil. Red1 welcomes the challenge.
junction	107.60	109.80	orbit at the big junction · §ALTC_V2 orbit pivot=junction heads=5 r=67.5m · +4.0 s for the load-path freeze inserted at 56.0 s (§LOADPATH_HOLD_INSERT framesInserted=60, BIM_JELAPANG_v2.log)	F: The junction! | M: Five signals.	F: The junction! | M: Five signals.
bye_en	109.80	110.85	lang=en · farewell round · +4.0 s for the load-path freeze inserted at 56.0 s (§LOADPATH_HOLD_INSERT framesInserted=60, BIM_JELAPANG_v2.log)	M: Thanks!	M: Thanks!
bye_ms	110.85	112.20	lang=ms · +4.0 s for the load-path freeze inserted at 56.0 s (§LOADPATH_HOLD_INSERT framesInserted=60, BIM_JELAPANG_v2.log)	F: Terima kasih!	F: Terima kasih!
bye_zh	112.20	112.95	lang=zh · +4.0 s for the load-path freeze inserted at 56.0 s (§LOADPATH_HOLD_INSERT framesInserted=60, BIM_JELAPANG_v2.log)	M: 谢谢！	M: 谢谢！
bye_th	112.95	114.05	lang=th · +4.0 s for the load-path freeze inserted at 56.0 s (§LOADPATH_HOLD_INSERT framesInserted=60, BIM_JELAPANG_v2.log)	F: ขอบคุณค่ะ	F: ขอบคุณค่ะ
bye_ar	114.05	115.00	lang=ar · +4.0 s for the load-path freeze inserted at 56.0 s (§LOADPATH_HOLD_INSERT framesInserted=60, BIM_JELAPANG_v2.log)	M: شكراً	M: شكراً
bye_fr	115.00	115.95	lang=fr · +4.0 s for the load-path freeze inserted at 56.0 s (§LOADPATH_HOLD_INSERT framesInserted=60, BIM_JELAPANG_v2.log)	F: Merci !	F: Merci !
