open_a	0.80	3.69	red1 verbatim §10 (mantra "Information is free, you have to know"); §12 v4 OPEN lines	F: Information is free… | M: …but you have to know.	F: Information is free… | M: …but you have to know.
open_b	3.99	33.69	red1 verbatim §10 (ADempiere 2006; "AI … helped me do everything i specify"); bim-ootb erp/kernel_ops.js kernel_ops table loaded by viewer (viewer/sw.js precache); §12 v4 OPEN	M: That is red1's mantra, from founding ADempiere in two thousand six. | F: Three apps? | M: One kernel, one operation log. | F: Built with AI… | M: …but there is no AI inside.	M: That's red1's mantra, from founding ADempiere, the open-source ERP, back in two thousand six. | F: An ERP man… doing BIM? | M: ERP, BIM — and a Modeller. Rebuilt with an AI pair coder, all three on SQLite running inside the browser, drawn by three dot J S. | F: Three apps? | M: One kernel. Every change in any of them lands in the same operation log. | F: Built with AI… | M: …but there's no AI inside. What you see is computed, and checked.
title	35.02	40.95	§12 v4 TITLE row + C0 line: IFC Extraction Program — everything your model already knows, at no extra cost	M: I F C Extraction Program. | F: Everything my model already knows? | M: At no extra cost.	M: I F C Extraction Program. | F: Everything my model already knows? | M: At no extra cost.
greet_en	40.95	42.65	lang=en (v3c greet row)	F: Hello!	F: Hello everyone!
greet_ms	42.65	44.35	lang=ms (v3c greet row)	M: Selamat petang!	M: Selamat petang!
greet_zh	44.35	46.05	lang=zh (v3c greet row)	F: 大家好！	F: 大家好！
greet_th	46.05	47.75	lang=th (v3c greet row)	M: สวัสดีครับ	M: สวัสดีครับ
greet_ar	47.75	49.45	lang=ar (v3c greet row)	F: السلام عليكم	F: السلام عليكم
greet_fr	49.45	51.15	lang=fr (v3c greet row)	M: Bonjour !	M: Bonjour à tous !
s1	52.45	60.62	On-screen tour box "Traffic signal 1 (5 columns) (2/7)", 0:04 / 1:18 (§12 timeline S1); tour stops from traffic-signal properties (tour.js, civil_labels.json)	M: Your highway, in a browser tab. This stop is a traffic signal.	F: Is this a game engine? | M: It's your highway, in a browser tab. The tour found its stops by itself — this one's a traffic signal.
c1	60.62	79.91	files IFC/ + IFC_MORE/ on disk: 15 files, 970 MB, Civil 3D IFC2X3 + Revit IFC4X3_ADD2 -> CivilWorks.db (§12 Facts); Find·Discipline GEOTECH lit, 9,145 pieces (§12 v3 C3 line)	M: Nine hundred seventy megabytes of files. One model.	F: What am I looking at? | M: One click on ground treatment — nine thousand one hundred forty-five pieces lit along the corridor. | F: Fifteen files? | M: Nine hundred seventy megabytes of them. Civil 3D roads, Revit bridges, I F C two by three and I F C four point three. One model.
s2	80.92	88.85	Find Storey tree on screen: 13 bridge storeys + "Unknown" 15,242 = road, no storeys (§12 Facts)	M: Find, Storey view. The road has no storeys, so it sits under Unknown.	M: Find, Storey view — the bridge's own levels. The road has no storeys, so it sits under Unknown. We don't make levels up.
c2	93.02	125.17	web-ifc (WebAssembly) in a web worker -> one SQLite file (sql.js) -> three.js (§12 Tech); local-first design statement, user 2026-10-06, no cost figure spoken; bridge from Revit IFC4X3_ADD2 piers/crossheads/pile groups	M: Your browser reads each file with web-ifc, writes one SQLite file, and three dot J S draws from it. No server, nothing uploaded. | F: And the bridge? | M: Piers, crossheads, pile groups, read from Revit, not redrawn.	M: Here's how: your browser reads each file with web-ifc, writes it into one SQLite file, and three dot J S draws from it. | F: No server at all? | M: None. That's how it scales — every new user brings their own machine. No server bill that grows with them, nothing uploaded, nothing to install. | F: So the cloud bill is… zero? | M: For this, yes — the work happens where the files already are. | F: And the bridge? | M: Piers, crossheads, pile groups — straight from Revit's I F C four point three. Read, not redrawn.
s3	126.18	136.38	Find Discipline tree on screen: 14 disciplines with counts (§12 Facts); discipline from file name (import_worker.js CIVIL_DISCS)	M: Fourteen disciplines, down to one earthworks body.	M: Fourteen disciplines — piles, road, plumbing, structure, furniture… down to one earthworks body. | F: Nine thousand piles?! | M: Mostly. Straight from the partner's file.
c3	136.38	147.83	Find trees GROUP BY storey/discipline/material, Fly route, Ask answers = queries on one file when asked (§12 Tech); abutment x-ray still (§12 v3 C6 line)	M: Every tree, every count, even the tour — a query on that one file, when you ask.	M: X-ray on one abutment level — the rest of the bridge ghosted around it. | F: Computed just now? | M: Every tree, every count, even the tour — a query on that one file, when you ask.
s4	148.84	163.76	Ask answers on screen: 86 ARC x STR clashes at 25 mm from 200 box overlaps, 114 cleared; rooms VACUOUS "no habitable rooms" (§12 Facts)	F: Can I just ask it? | M: Eighty-six real clashes, architecture against structure. And biggest rooms? None. It's a road.	F: Can I just ask it? | M: Pick one. Eighty-six real clashes, architecture against structure — and every answer shows its working. | F: Receipts included. | M: And biggest rooms? None — it's a road, and it says so instead of guessing. | F: Honest software.
c4	168.94	177.27	clash matrix still (2026-10-05 06-35-45): every red dot a discipline pair with clashes to review (§12 break table C4)	M: The clash matrix — every red dot is a pair of trades that collide.	M: The clash matrix — every red dot is a pair of trades that collide. | F: Drainage into lighting? | M: There — waiting for someone to decide.
s5	184.00	190.26	7,575 piles, 18 m each (§12 v3 S5 line; partner ground works §PARTNER_DISCS)	M: Under the slopes: seven thousand five hundred seventy-five piles, eighteen metres each.	F: What is under those slopes? | M: Seven thousand five hundred seventy-five piles, eighteen metres each.
c5	194.40	217.51	docs/BrowserScaleBenchmark.md: RTX 4060 Laptop 8 GB, ~5.8 ms p50 render, ~3.5 GB for ~22 M vertices, ~0.17 GB per million vertices; lamps from lighting heads (§NIGHT_CIVIL_LAMPS)	M: One laptop, one eight-gigabyte graphics card. Each render takes about six milliseconds. About three and a half gigabytes for twenty-two million vertices.	F: This must need a monster machine. | M: One laptop. One eight-gigabyte graphics card. Each render takes about six milliseconds. | F: And memory? | M: About three and a half gigabytes for twenty-two million vertices. Rule of thumb: a sixth of a gigabyte per million. | F: So I can size my own machine. | M: Exactly. And these lamps? Each one lit from its own lighting head in the model.
s6	223.73	228.03	Fly drive with element labels (§12 timeline S6); no server, local-first (§12 Tech)	F: So, where is the server? | M: There isn't one. Your files, your machine.	F: So — where's the server? | M: There isn't one. Your files, your machine.
s7	230.73	234.51	Whole route from above (§12 timeline S7); tagline = title row (§12 v4 TITLE)	F: Everything my model already knows… | M: …at no extra cost.	F: Everything my model already knows… | M: …at no extra cost.
close	239.63	263.88	positioning (project_positioning_no_ai_inside): solo, long tail; MIT licence (§11.next Ch.0); 256 witnesses (§12 v3 C6); IFC4.3 next (BrowserScaleBenchmark §IFC43, SPECULATIVE until a 4.3 road file runs); mantra bookend §10	F: Who is it for? | M: The long tail. MIT licensed. Two hundred fifty-six tests that can fail. | F: And next? | M: I F C four point three roads. | F: How do I help? | M: Open the code. Break a test. Send a fix. | F: Information is free… | M: …and contributors are priceless.	F: Who is it for? | M: The long tail — every engineer the big vendors never reach. MIT licensed. Two hundred fifty-six tests that can fail, so the claims hold up. | F: And next? | M: I F C four point three roads — read the alignment instead of inferring it. | F: How do I help? | M: Open the code. Break a test. Send a fix. | F: Information is free… | M: …and contributors are priceless.
close_yhb_f	263.88	265.21	§12 v4 CLOSE: F+M together "You have to be."	F: You have to be.	F: You have to be.
close_yhb_m	263.88	265.31	§12 v4 CLOSE: F+M together "You have to be."	M: You have to be.	M: You have to be.
bye_en	265.41	266.91	lang=en (v3c bye row)	M: Thanks!	M: Thanks!
bye_ms	266.91	268.41	lang=ms (v3c bye row)	F: Terima kasih!	F: Terima kasih!
bye_zh	268.41	269.91	lang=zh (v3c bye row)	M: 谢谢！	M: 谢谢！
bye_th	269.91	271.41	lang=th (v3c bye row)	F: ขอบคุณค่ะ	F: ขอบคุณค่ะ
bye_ar	271.41	272.91	lang=ar (v3c bye row)	M: شكراً	M: شكراً
bye_fr	272.91	274.41	lang=fr (v3c bye row)	F: Merci !	F: Merci !
end1	276.55	279.20	§12 CHAPTER END (user 2026-10-06 verbatim)	M: Strangely, there is no AI inside.	M: Strangely, there is no AI inside.
end2	278.75	280.26	§12 CHAPTER END	M: No back door.	M: No back door.
end3	280.95	282.67	§12 CHAPTER END	M: You can see the code.	M: You can see the code.
end4	283.15	284.94	§12 CHAPTER END	M: MIT Licensed.	M: MIT Licensed.
end5	285.35	293.49	§12 CHAPTER END subtext (user 2026-10-06); docs/DistributedERP.md fold over signed op-log, relay, email durability, git-like; erp_relay_client.js, erp_sync_fsm.js, poc_email_dr.js; sync PR #203 MERGED	M: In network, we use file folding relay, through web service, email or local repo. See the docs and code that has done it.	M: In network, we use file folding relay, through web service, email or local repo. See the docs and code that has done it.
