open	0.0	13.0	§GEOREF_SITE lat=42.358 lon=-71.060 (ifc_site) = Boston · §CPE_DAY_COUNTER day=1 · red1 opening	F: ¡Buenos días, desde Boston! | M: Un hospital, tomando forma.	F: ¡Buenos días, desde Boston! ¿Qué tenemos aquí? | M: Un hospital. Sus datos IFC calculan todo lo que ves. | F: ¿Todo? | M: Cómo se construye, cuánto cuesta... y sus puntos ciegos.
inside	13.0	18.4	§LINEAR_BEAT_DRAW beam · §SLAB_BEAT_LABEL · §FLYTHRU_DATUM_ENTRY 10.75 s	M: Y ya estamos dentro.	M: Acero, luego los forjados... y ya estamos dentro. | F: ¡Y todavía está subiendo!
hall	18.4	30.4	§INDOOR_BEAT_DRAW hall 6,239 m² · height 5,498 mm · §RULE_FILM_EXIT_STAT ~217 steps	F: ¡Mira este vestíbulo! | M: Más de seis mil metros cuadrados.	F: ¡Mira este vestíbulo! | M: Más de seis mil metros cuadrados. Cinco metros y medio libres. | F: ¿Y el recorrido más largo hasta la salida? | M: Unos doscientos diecisiete pasos. Los cuenta.
days	30.4	43.8	§CPE_DAY_COUNTER day 137→182 · §CPE_BUILDUP 40,725/63,418 at 40 s · §COST_ODOMETER	F: ¡Afuera, el calendario vuela!	F: Mientras tanto, afuera, ¡el calendario vuela! | M: Día ciento ochenta. Casi dos tercios de las piezas ya están. | F: Cada pieza programada, y costeada, directamente del modelo.
checks	43.8	56.9	§MEASURE_BOX Structural · §RULE_FILM structuralTotal=384 egressTotal=26	F: ¿Qué es esa caja? | M: Comprobaciones estructurales.	F: Oye, ¿qué es esa caja? | M: Comprobaciones estructurales. El modelo se revisa a sí mismo mientras crece. | F: ¿Cuántas encuentra? | M: Trescientas ochenta y cuatro de estructura. Veintiséis de seguridad.
egress	56.9	62.9	§MEASURE_BOX "Safety — common path of egress travel" limit 22.9 m	F: ¿Y la seguridad? | M: El camino a la salida.	F: ¿Y la seguridad? | M: Cuánto caminas antes de poder elegir entre dos salidas.
door	62.9	72.5	§INDOOR_BEAT_DRAW door 1,080 × 2,110 mm · §MEASURE_BUILDING_CARD 440 doors	F: ¡Hasta las puertas se miden!	F: ¡Hasta las puertas se miden! | M: Mil ochenta por dos mil ciento diez. Y hay cuatrocientas cuarenta.
done	72.5	82.8	§CPE_BUILDUP 63,418/63,418 + §CPE_DAY_COUNTER day=321 (frame 1740) · §COST_ODOMETER_FINAL hours=94,880.8	F: ¡Día trescientos veintiuno! | M: Estructura terminada.	F: ¡Día trescientos veintiuno! | M: Estructura terminada. Las sesenta y tres mil piezas... y casi noventa y cinco mil horas de trabajo.
loadpath	82.8	95.0	§LOADPATH_STACK (hold 82.8–90.2 s) · §MEASURE_BOX "Safety — isolated room" 83.06 · §EGRESS isolated_room=1	F: ¿Por qué se ha parado? | M: La trayectoria de cargas.	F: Espera... ¿por qué se ha parado? | M: La trayectoria de cargas. Ves el peso bajar, planta por planta. | F: ¿Y esa caja? | M: Una sala aislada. Un punto ciego.
clash	95.0	115.0	§CLASH_NARROWPHASE broad=1478 meshTrue=271 falsePositiveRate=79.0% · clash_film.js tolerance per rule	F: ¡Muestra todas las colisiones! | M: Solape real de malla.	F: ¡Mira, muestra todas las colisiones! | M: Sí. Pero no cajas envolventes. Solape real de malla, comprobado con su tolerancia. | F: ¿Importa eso? | M: Las cajas marcaron casi mil quinientas. ¿Solapes reales? Doscientos setenta y uno. | F: ¡O sea, cuatro de cada cinco eran falsas alarmas!
which	115.0	133.8	§CLASH_LABELS top pairs: Pipe/Duct 66, Cable Tray/Wall 44 · clash_labels.js "[Tolerance mm/Clash mm]" · §MEASURE_BOX "Structural — span depth cantilever" (linger 123.03) · red1 own narration (false alarms point)	F: ¿Qué choca más? | M: Tuberías contra conductos.	F: ¿Qué choca más? | M: Tuberías contra conductos. Y bandejas de cables, contra muros. | F: Cada etiqueta muestra la tolerancia... y la profundidad. | M: Algunas son falsas alarmas. Pero si el problema existe, lo encuentra. | F: ¿Y esa caja? | M: Luz y canto. ¿Tiene cada viga canto suficiente?
rules2	133.8	148.7	§MEASURE_BOX "Safety — circulation distance" 133.8 · "Structural — column continuity" 137.1 · §EGRESS circulation_distance=13 · §STRUCT_SANITY column_continuity=15	F: Más comprobaciones. | M: Circulación y pilares.	F: Más cajas. ¿Distancia de circulación? | M: Trece recorridos demasiado largos hasta una salida. | F: Y continuidad de pilares. | M: Quince pilares marcados, de planta a planta.
datum	148.7	159.8	§FLYTHRU_DATUM_LIFE2 148.7–163.4 s (setting-out sheet over finished building)	F: Otra vez el plano de replanteo.	F: ¡Oh, otra vez el plano de replanteo! | M: Colocado justo encima del edificio terminado.
parade	159.8	167.8	§CLASH_DISC_ARRIVAL_HIGHLIGHT FP 38 · ELEC 33 · MEP 133	M: Ahora, oficio por oficio.	F: Incendios, treinta y ocho, electricidad, treinta y tres, ¡mecánica, ciento treinta y tres!
pairs	167.8	172.6	§CLASH_HUD_HIGHLIGHT ARC|STR 66	M: Arquitectura contra estructura.	M: ¿El par más grande? Arquitectura contra estructura. Sesenta y seis.
reveal	172.6	193.9	§FINDINGS_CEASE storey-reveal-onset · §STOREY_REVEAL_TIMING 7 bands · §CLASH_HUD_HIGHLIGHT FP|MEP 81 (f4116) MEP|STR 38 (f4205) FP|STR 38 (f4294) ARC|ELEC 29 (f4383) ELEC|MEP 14 (f4472) ELEC|STR 4 (f4561)	F: Nivel a nivel, todo el hospital.	F: Los letreros se apartan. | M: Nivel a nivel... todo el hospital. | F: ¡El panel lateral sigue contando! Incendios contra mecánica, ochenta y uno. | M: Mecánica contra estructura, treinta y ocho. Incendios contra estructura, igual. | F: Arquitectura contra electricidad, veintinueve. | M: Todo, de un solo archivo IFC.
value	193.9	198.8	red1 own narration (HospitalNarrative 169.9–187.1 s)	F: ¿Al vuelo? | M: Sin llamadas a IA.	F: ¿Al vuelo? | M: Sin instalación, sin IA.
cards	198.8	206.8	§MEASURE_BUILDING_CARD 440 doors · 22,031,100 total estimated cost · red1 sign-off	M: Veintidós millones, estimados.	F: Entonces, ¿el resultado? | M: Veintidós millones, estimados. | F: ¡Que tengas un buen día!
