open	0.0	13.0	§GEOREF_SITE lat=42.358 lon=-71.060 (ifc_site) = Boston · §CPE_DAY_COUNTER day=1 · red1 opening	F: สวัสดีตอนเช้าจากบอสตันค่ะ! | M: โรงพยาบาลครับ กำลังก่อตัวขึ้น	F: สวัสดีตอนเช้าจากบอสตันค่ะ! แล้ว... เรามีอะไรตรงนี้คะ? | M: โรงพยาบาลครับ กำลังก่อตัวขึ้น และข้อมูล IFC ของมันคำนวณทุกอย่างที่คุณเห็น | F: ทุกอย่างเลยเหรอคะ? | M: ทั้งวิธีสร้าง ค่าใช้จ่าย... และจุดบอดอยู่ตรงไหนครับ
inside	13.0	18.4	§LINEAR_BEAT_DRAW beam · §SLAB_BEAT_LABEL · §FLYTHRU_DATUM_ENTRY 10.75 s	M: เราอยู่ข้างในแล้วครับ	M: เหล็กก่อน แล้วก็พื้น... ตอนนี้เราอยู่ข้างในแล้วครับ | F: ทั้งที่ยังสร้างไม่เสร็จเลย!
hall	18.4	30.4	§INDOOR_BEAT_DRAW hall 6,239 m² · height 5,498 mm · §RULE_FILM_EXIT_STAT ~217 steps	F: ดูโถงนี้สิ! | M: กว่าหกพันตารางเมตรครับ	F: โอ้โห ดูโถงนี้สิ! | M: กว่าหกพันตารางเมตร สูงโล่งห้าเมตรครึ่งครับ | F: แล้วทางออกที่ไกลที่สุดล่ะคะ? | M: ประมาณสองร้อยสิบเจ็ดก้าว มันนับให้ทุกก้าวครับ
days	30.4	43.8	§CPE_DAY_COUNTER day 137→182 · §CPE_BUILDUP 40,725/63,418 at 40 s · §COST_ODOMETER	F: ข้างนอก ปฏิทินวิ่งเร็วมาก!	F: ข้างนอก ปฏิทินวิ่งเร็วมาก! | M: วันที่หนึ่งร้อยแปดสิบ ชิ้นส่วนเข้าที่ไปเกือบสองในสามแล้วครับ | F: ทุกชิ้นมีตารางเวลาและต้นทุน ตรงจากโมเดลเลยค่ะ
checks	43.8	56.9	§MEASURE_BOX Structural · §RULE_FILM structuralTotal=384 egressTotal=26	F: กล่องอะไรคะ? | M: ตรวจโครงสร้างครับ	F: เอ๊ะ กล่องอะไรเด้งขึ้นมาคะ? | M: การตรวจสอบโครงสร้างครับ โมเดลตรวจตัวเองไปพร้อมกับการก่อสร้าง | F: เจอกี่จุดคะ? | M: โครงสร้างสามร้อยแปดสิบสี่ ความปลอดภัยยี่สิบหกครับ
egress	56.9	62.9	§MEASURE_BOX "Safety — common path of egress travel" limit 22.9 m	F: แล้วความปลอดภัยล่ะคะ? | M: ระยะเดินถึงทางออกครับ	F: ความปลอดภัยหมายถึงอะไรคะ? | M: ระยะที่ต้องเดิน ก่อนจะมีทางออกให้เลือกครับ
door	62.9	72.5	§INDOOR_BEAT_DRAW door 1,080 × 2,110 mm · §MEASURE_BUILDING_CARD 440 doors	F: ประตูก็ถูกวัดด้วย!	F: ประตูก็ถูกวัดด้วย! | M: หนึ่งพันแปดสิบ คูณ สองพันหนึ่งร้อยสิบ มีทั้งหมดสี่ร้อยสี่สิบบานครับ
done	72.5	82.8	§CPE_BUILDUP 63,418/63,418 + §CPE_DAY_COUNTER day=321 (frame 1740) · §COST_ODOMETER_FINAL hours=94,880.8	F: วันที่สามร้อยยี่สิบเอ็ด! | M: เสร็จแล้วครับ	F: วันที่สามร้อยยี่สิบเอ็ด! | M: ขึ้นโครงเสร็จครับ หกหมื่นสามพันชิ้น... และเกือบเก้าหมื่นห้าพันชั่วโมงแรงงาน
loadpath	82.8	95.0	§LOADPATH_STACK (hold 82.8–90.2 s) · §MEASURE_BOX "Safety — isolated room" 83.06 · §EGRESS isolated_room=1	F: ทำไมมันหยุดคะ? | M: เส้นทางถ่ายน้ำหนักครับ	F: เดี๋ยวนะ... ทำไมมันหยุดคะ? | M: นั่นคือเส้นทางถ่ายน้ำหนักครับ ตัดส่วนอื่นออกหมด ให้เห็นน้ำหนักลงมาทีละชั้น | F: แล้วกล่องความปลอดภัยนั่นล่ะคะ? | M: ห้องที่ถูกตัดขาดหนึ่งห้อง จุดบอดครับ
clash	95.0	115.0	§CLASH_NARROWPHASE broad=1478 meshTrue=271 falsePositiveRate=79.0% · clash_film.js tolerance per rule	F: ดูสิ จุดชนทั้งหมด! | M: การซ้อนทับของเมชจริงครับ	F: ดูสิ มันแสดงจุดชนทั้งหมดเลย! | M: ใช่ครับ แต่ไม่ใช่กล่องขอบเขต เป็นการซ้อนทับของเมชจริง เทียบกับค่าความคลาดเคลื่อน | F: สำคัญด้วยเหรอคะ? | M: กล่องขอบเขตเจอเกือบหนึ่งพันห้าร้อย ซ้อนทับจริงล่ะ? สองร้อยเจ็ดสิบเอ็ดครับ | F: งั้นห้าจุด เป็นสัญญาณหลอกถึงสี่!
which	115.0	133.8	§CLASH_LABELS top pairs: Pipe/Duct 66, Cable Tray/Wall 44 · clash_labels.js "[Tolerance mm/Clash mm]" · §MEASURE_BOX "Structural — span depth cantilever" (linger 123.03) · red1 own narration (false alarms point)	F: อะไรชนมากที่สุดคะ? | M: ท่อกับท่อลมครับ	F: แล้วอะไรชนกันมากที่สุดคะ? | M: ท่อกับท่อลมครับ และรางสายไฟที่ชนผนัง | F: ป้ายแต่ละอันบอกค่าความคลาดเคลื่อน... และชนลึกแค่ไหน | M: บางอันก็เป็นสัญญาณหลอก แต่ถ้าโมเดลมีปัญหา มันจะหาเจอครับ | F: แล้วกล่องนั้นล่ะคะ? | M: ช่วงพาดกับความลึก คานแต่ละตัวลึกพอกับช่วงพาดไหมครับ?
rules2	133.8	148.7	§MEASURE_BOX "Safety — circulation distance" 133.8 · "Structural — column continuity" 137.1 · §EGRESS circulation_distance=13 · §STRUCT_SANITY column_continuity=15	F: ตรวจอีกแล้ว | M: ระยะสัญจรกับเสาครับ	F: กล่องอีกแล้ว ระยะทางสัญจรเหรอคะ? | M: สิบสามเส้นทาง ไกลเกินไปกว่าจะถึงทางออกครับ | F: แล้วก็ความต่อเนื่องของเสา | M: เสาสิบห้าต้นถูกทำเครื่องหมาย ชั้นต่อชั้นครับ
datum	148.7	159.8	§FLYTHRU_DATUM_LIFE2 148.7–163.4 s (setting-out sheet over finished building)	F: แบบวางผังอีกแล้ว	F: โอ้ แบบวางผังมาอีกแล้ว! | M: วางทับอาคารที่สร้างเสร็จแล้วพอดีครับ
parade	159.8	167.8	§CLASH_DISC_ARRIVAL_HIGHLIGHT FP 38 · ELEC 33 · MEP 133	M: ทีนี้ ไล่ทีละงานระบบครับ	M: ทีนี้ ไล่ทีละงานระบบครับ | F: ระบบดับเพลิง สามสิบแปด ไฟฟ้า สามสิบสาม เครื่องกล หนึ่งร้อยสามสิบสาม!
pairs	167.8	172.6	§CLASH_HUD_HIGHLIGHT ARC|STR 66	M: สถาปัตย์กับโครงสร้างครับ	M: คู่ที่ใหญ่ที่สุดเหรอ? สถาปัตย์กับโครงสร้าง หกสิบหกครับ
reveal	172.6	193.9	§FINDINGS_CEASE storey-reveal-onset · §STOREY_REVEAL_TIMING 7 bands · §CLASH_HUD_HIGHLIGHT FP|MEP 81 (f4116) MEP|STR 38 (f4205) FP|STR 38 (f4294) ARC|ELEC 29 (f4383) ELEC|MEP 14 (f4472) ELEC|STR 4 (f4561)	F: ทีละชั้น ทั้งโรงพยาบาล	F: และตอนนี้ ป้ายต่างๆ หลบไปด้านข้าง | M: ทีละชั้น ทีละสี... ทั้งโรงพยาบาลครับ | F: ดูสิ แผงด้านข้างยังนับต่อ! ดับเพลิงกับเครื่องกล แปดสิบเอ็ด | M: เครื่องกลกับโครงสร้าง สามสิบแปด ดับเพลิงกับโครงสร้าง สามสิบแปด | F: สถาปัตย์กับไฟฟ้า ยี่สิบเก้า | M: และทั้งหมดนี้ มาจากไฟล์ IFC ไฟล์เดียวครับ
value	193.9	198.8	red1 own narration (HospitalNarrative 169.9–187.1 s)	F: ทันทีเลยเหรอคะ? | M: ไม่เรียกใช้ AI ครับ	F: ทั้งหมดแบบทันทีเลยเหรอคะ? | M: ทันทีครับ ไม่ต้องติดตั้ง ไม่เรียกใช้ AI
cards	198.8	206.8	§MEASURE_BUILDING_CARD 440 doors · 22,031,100 total estimated cost · red1 sign-off	M: ประมาณการ ยี่สิบสองล้านครับ	F: สรุปแล้วล่ะคะ? | M: ประมาณการ ยี่สิบสองล้านครับ | F: ขอให้มีวันที่ดีนะคะ!
