cover	0.3	7.8	cover card · §ROAD_REPORT	F: What if a road design could check itself? | M: Meet the Road Report.	F: What if a road design could check itself... in one key? | M: Meet The Road Report.
why	8.3	19.3	status bar 'Civil Works 19,892 elements' (screenshot 11-46-52) · ATJ 2A/2B/8-86 in std_values.json	M: The model holds the facts. The standards hold the rules.	M: This road model holds nearly twenty thousand pieces. | F: And the rules? | M: In the A T J standards. The report puts model and rule side by side.
what	19.8	30.8	panel sections (screenshot 11-47-08) · §ROAD_REPORT spec	F: What does it measure? | M: Five sections, every line cited.	F: So what does it measure? | M: Five sections. Alignment, earthworks, geometry, signs, environment. | F: And every line? | M: A chainage, a measured value, and the rule it was judged by.
today	31.3	42.3	panel chips CRITICAL 4 · WARNING 25 · HEALTHY 5 · INFO 1 · NOT CHECKED 5	F: How healthy is this one? | M: Four critical, twenty-five warnings.	F: And how healthy is this one? | M: Four critical. Twenty-five warnings. Five healthy. | F: And what it can't check? | M: Five things... and it says why, out loud.
press	42.8	50.6	clip 0.5–8 s: Inspect menu → Road report	F: Just press R. | M: Or find it under Inspect.	F: On a road model, just press R. | M: Or find it under Inspect. Right under Road standards.
open	51.0	57.6	clip 8.5–15 s: report opens, Alignment & Drift	M: Red critical, amber warning, green healthy.	M: Red is critical. Amber, a warning. Green, healthy. | F: And grey? | M: Not checked.
drift	58.0	63.6	PDF frame: CRITICAL CH 0+500 to 0+600 11.5% · HEALTHY 12 of 21	M: Click a line, and you fly there.	M: Click a line... and you fly there. Twelve of twenty-one chainage intervals agree with the markers.
earth	64.0	73.6	PDF frame: INFO CH 1+202 to 1+327 fill up to 3.0 m · NOT CHECKED ground under 141 m of 2,110 m	F: Earthworks? | M: One fill stretch, up to three metres.	F: Earthworks? | M: One fill stretch, up to three metres. But ground was found under only a hundred and forty-one metres of road... so it says so.
geo	74.0	81.6	PDF frame: 8 grade WARNING lines, worst CH 0+430 to 0+527 11.4% vs 3% (ATJ 8/86 Table 4.10D p.59)	F: And the grades? | M: Eight stretches over the limit.	F: And the grades? | M: Eight stretches over the A T J limit. The worst, eleven point four percent... where three is allowed.
signs	82.0	92.6	PDF frame: CRITICAL WB.24b ×6, WB.24a ×3, GI.9a ×4 · 18 signs no code · 6 zones no speed sign (2 of 8 HEALTHY) · env NOT CHECKED	F: Signs? | M: Three unknown codes, eighteen without a code.	F: Signs? | M: Three unknown codes. Eighteen signs with no code. Six zones without a speed sign. | F: Environment? | M: No layer in the model.
pdf	93.0	102.6	clip 53–62 s: PDF page, same sections, sources at the end	F: Can I send it? | M: Copy, download, or PDF.	F: Can I send this to the team? | M: Copy it, download it, or print it to PDF. Same sections, same lines... and the sources at the end.
close	103.0	105.6	end of clip	F: One key!	F: All from one key!
end	106.3	115.6	end card	M: Measured on the IFC, every rule cited.	M: Every line measured on the IFC alone. Every rule, cited. | F: A health check... before anyone builds.
