greet_en	0.0	1.8	lang=en · polyglot greeting round (PLAYBOOK B rule 2)	F: Hello!	F: Hello everyone!
greet_ms	1.8	3.8	lang=ms	M: Selamat petang!	M: Selamat petang semua!
greet_zh	3.8	5.6	lang=zh	F: 大家好！	F: 大家好！
greet_th	5.6	7.6	lang=th	M: สวัสดีครับ	M: สวัสดีครับ ทุกคน
greet_ar	7.6	9.6	lang=ar	F: السلام عليكم	F: السلام عليكم
greet_fr	9.6	11.6	lang=fr	M: Bonjour !	M: Bonjour à tous !
open	11.6	30.0	CIVIL_HIGHWAY_JELAPANG.md §0 (7 IFCs, Civil 3D 2024, IFC2X3) · §ALTC_HIGHWAY lenM=2110 · RE-CHECK lenM in the bake log	F: Today... a highway! | M: Jalan Jelapang, two kilometres of it.	F: Today, something new... a highway! | M: Jalan Jelapang. About two kilometres of road, from seven IFC files out of Civil 3D. | F: In the same app we use for buildings? | M: The very same. Same compiler, same database, same viewer.
proxies	30.0	45.0	§CIVIL_DISC (import_worker.js, discipline from file name) · NON-IMPACT rule (§SHIPPED gates, fleet proofs)	F: How does it know a road from a drain? | M: From the file name.	F: How does it know a road from a drain? | M: Every piece arrives as a plain proxy. The discipline comes from its file... road, drainage, lighting, signage, marking, furniture. | F: And the buildings don't notice? | M: Not at all. Every civil change is gated, and proven on the building fleet.
counts	45.0	57.0	elements_meta GROUP BY building,discipline (JELAPANG_AFTER.db: JELAPANG 5,674 · ROAD 4,008 · Jelapang VBC 4,739 · total 10,413) · RE-CHECK on the baked DB	M: Five thousand six hundred road elements. | F: Plus a bridge!	M: Five thousand six hundred and seventy four civil elements... four thousand of them road pieces. | F: And a bridge, merged in! | M: Four thousand seven hundred more. One model, over ten thousand pieces.
junction	57.0	63.0	§CIVIL_ROUTE_JUNCTION stops=5 → junctions=2	F: First junction! | M: Five signal heads, one junction.	F: Our first junction! | M: Five signal heads... read as one junction.
terrain	63.0	75.0	§0 JELAPANG_EARTHWORK.ifc = 0 elements (Civil 3D log: TIN surface skipped by the exporter) · RESUME 'User is obtaining' terrain IFC	F: Where's the ground? | M: The terrain didn't export. Coming soon.	F: Wait... where's the ground? | M: Honest answer: the terrain surface didn't export. Its IFC file came out empty. | F: So that's still to come? | M: Coming soon. Today you see the road without its earthworks.
lamps	75.0	90.0	§NIGHT_CIVIL_LAMPS lightingElements=227 columns=172 heads=223 strayBuried=9 · §CIVIL_LAMP_GLOW heads=223	F: Those lights? | M: Two hundred and twenty three lamp heads.	F: And those lights along the road? | M: Two hundred and twenty three lamp heads, found from each column's own mesh. | F: Any strays? | M: Nine, buried below the road. Rejected... and counted.
clash	90.0	108.0	CIVIL_HIGHWAY_JELAPANG.md §V.3: DRAINAGE×ROAD 23,288 box → 1,852 mesh-true; many intended (culverts/scuppers), listed not hidden	F: Do drains clash with the road? | M: Eighteen hundred real ones.	F: Do the drains clash with the road? | M: The boxes say twenty three thousand times. | F: Twenty three thousand?! | M: That's only boxes overlapping. Check the real shapes... eighteen hundred and fifty two. | F: And plenty of those are meant to be there. | M: Culverts under the pavement. So they're listed, never hidden.
fourD	108.0	124.0	§CIVIL_PHASE (rates.js SEQUENCE_CIVIL phases) · §CREW_DEMAND civil trades · RE-CHECK phase/crew lines + any day count in the bake log	F: Can it schedule a road? | M: Same Time Machine, civil phases.	F: Can it schedule a road too? | M: Same Time Machine. Earthworks, drainage, pavement, furniture, signage, lighting, marking. | F: With crews? | M: Paving, drainage, lighting... each its own trade, sharing the same calendar.
fiveD	124.0	136.0	§R civil rates null 'pending' (5D lines exist, quantities counted) · JKR SoR 2023 being purchased (RESUME)	F: And the cost? | M: Quantities yes, rates pending.	F: And the cost? | M: Quantities, yes. The rates wait for the official schedule of rates... we never invent a price. | F: Honest!
tech	136.0	164.0	§MESH_SLIM: 21,957,746 verts; 661,573,632 → 395,710,464 bytes (user Ctrl+S 2026-10-05) · witness_roof_layer_budget: 16,132 ms → 22 ms (JELAPANG_AFTER)	F: How does a browser hold all this? | M: SQLite in WebAssembly, local first.	F: How does one browser tab hold all this? | M: SQLite, compiled to WebAssembly, under three dot js. Local first... no server. | F: Even at this size? | M: Twenty two million vertices. We stopped storing what the browser can recompute... six hundred and sixty one megabytes became three hundred and ninety six. | F: And speed? | M: One check went from sixteen seconds to twenty two milliseconds.
roadmap	164.0	186.0	RESUME 'Waiting on user/partner': terrain IFC, alignment export (IfcAlignment/LandXML), JKR SoR 2023, lamp IES; §MC road-standards check; §K runoff needs terrain	F: What's next? | M: Terrain, alignment, rates, road checks.	F: So what's next? | M: The terrain surface. The road's alignment. Official rates. A road standards check... and real lighting levels, once we have the lamp photometry. | F: Flooding? | M: Runoff needs the terrain first. It's all on the list.
field	186.0	198.0	FILM_NARRATION.md §10: StrategicIndustryPositioning.md Tier-1 line — incumbents create IFC but 'do not decompose it into a BOM recipe, compile from intent, or verify the round-trip' · red1's ambition = his own words (user 2026-10-05)	F: Does anyone do all this in one app? | M: That's the gap.	F: Does any one app do all this today? | M: Design tools create IFC. They don't compile it, cost it and check it in one place. | F: In one browser tab... | M: That's the gap Red1 set out to close. Exciting times!
bye_en	198.0	199.6	lang=en · farewell round	M: Thanks for watching!	M: Thanks for watching!
bye_ms	199.6	201.0	lang=ms	F: Terima kasih!	F: Terima kasih!
bye_zh	201.0	202.4	lang=zh	M: 谢谢！	M: 谢谢大家！
bye_th	202.4	203.8	lang=th	F: ขอบคุณค่ะ	F: ขอบคุณค่ะ
bye_ar	203.8	205.0	lang=ar	M: شكراً	M: شكراً لكم
bye_fr	205.0	206.0	lang=fr	F: À bientôt !	F: Merci, à bientôt !
