open	0.0	13.0	§GEOREF_SITE lat=42.358 lon=-71.060 (ifc_site) = Boston · §CPE_DAY_COUNTER day=1 · red1 opening	F: Good morning, over here in Boston! What do we have? | M: A hospital, taking shape.	F: Good morning, from Boston! So... what do we have here? | M: A hospital, taking shape. And its IFC data computes everything you see. | F: Everything? | M: How it's built, what it costs... and where the blind spots are.
inside	13.0	18.4	§LINEAR_BEAT_DRAW beam · §SLAB_BEAT_LABEL · §FLYTHRU_DATUM_ENTRY 10.75 s	M: And we're inside.	M: Steel, then floor plates... and we're already inside. | F: While it's still going up!
hall	18.4	30.4	§INDOOR_BEAT_DRAW hall 6,239 m² · height 5,498 mm · §RULE_FILM_EXIT_STAT ~217 steps	F: Look at this hall! | M: Six thousand square metres.	F: Oh, look at this hall! | M: Over six thousand square metres. Five and a half metres clear. | F: And the longest walk out? | M: About two hundred and seventeen steps. It counts them.
days	30.4	43.8	§CPE_DAY_COUNTER day 137→182 · §CPE_BUILDUP 40,725/63,418 at 40 s · §COST_ODOMETER	F: Outside, the calendar's flying.	F: Meanwhile, outside, the calendar is flying! | M: Day one eighty. And nearly two thirds of the pieces are in. | F: Every piece scheduled, and costed, straight from the model.
checks	43.8	56.9	§MEASURE_BOX Structural · §RULE_FILM structuralTotal=384 egressTotal=26	F: What's that box? | M: Structural checks.	F: Hey, what's that box popping up? | M: Structural checks. The model checks itself as it grows. | F: How many does it catch? | M: Three hundred and eighty four on structure. Twenty six on safety.
egress	56.9	62.9	§MEASURE_BOX "Safety — common path of egress travel" limit 22.9 m	F: And safety? | M: The walk to an exit.	F: And safety means? | M: How far you walk before you get a choice of exits.
door	62.9	72.5	§INDOOR_BEAT_DRAW door 1,080 × 2,110 mm · §MEASURE_BUILDING_CARD 440 doors	F: Even the doors get measured.	F: Even the doors get measured! | M: Ten eighty by twenty one ten. And there are four hundred and forty of them.
done	72.5	82.8	§CPE_BUILDUP 63,418/63,418 + §CPE_DAY_COUNTER day=321 (frame 1740) · §COST_ODOMETER_FINAL hours=94,880.8	F: Day three twenty one! | M: Topped out.	F: Day three twenty one! | M: Topped out. All sixty three thousand pieces... and nearly ninety five thousand work hours.
loadpath	82.8	95.0	§LOADPATH_STACK (hold 82.8–90.2 s) · §MEASURE_BOX "Safety — isolated room" 83.06 · §EGRESS isolated_room=1	F: Why did it freeze? | M: The load path.	F: Wait... why did it freeze? | M: That's the load path. Everything else stripped away, so you see the weight come down, floor by floor. | F: And that safety box? | M: One isolated room. A blind spot.
clash	95.0	115.0	§CLASH_NARROWPHASE broad=1478 meshTrue=271 falsePositiveRate=79.0% · clash_film.js tolerance per rule	F: Oh look, it gives all the clashes. | M: Real mesh overlap, not boxes.	F: Oh look, it gives all the clashes! | M: Yes. But not bounding boxes. Real mesh overlap, checked against its tolerance. | F: Does that matter? | M: Boxes flagged almost fifteen hundred. Real overlaps? Two hundred and seventy one. | F: So four in five were false alarms!
which	115.0	133.8	§CLASH_LABELS top pairs: Pipe/Duct 66, Cable Tray/Wall 44 · clash_labels.js "[Tolerance mm/Clash mm]" · §MEASURE_BOX "Structural — span depth cantilever" (linger 123.03) · red1 own narration (false alarms point)	F: What clashes most? | M: Pipes against ducts.	F: So, what clashes the most? | M: Pipes against ducts. And cable trays, into walls. | F: Each label shows the tolerance... and how deep it goes. | M: Some are false alarms. But if your model has the problem, it finds it. | F: And that box? | M: Span and depth. Is each beam deep enough for its reach?
rules2	133.8	148.7	§MEASURE_BOX "Safety — circulation distance" 133.8 · "Structural — column continuity" 137.1 · §EGRESS circulation_distance=13 · §STRUCT_SANITY column_continuity=15	F: More checks coming. | M: Circulation and columns.	F: More boxes. Circulation distance? | M: Thirteen walks too long to an exit. | F: And column continuity. | M: Fifteen columns flagged, floor to floor.
datum	148.7	159.8	§FLYTHRU_DATUM_LIFE2 148.7–163.4 s (setting-out sheet over finished building)	F: The setting out drawing again.	F: Oh, the setting out drawing again! | M: Laid right over the finished building.
parade	159.8	167.8	§CLASH_DISC_ARRIVAL_HIGHLIGHT FP 38 · ELEC 33 · MEP 133	M: Now trade by trade.	M: Now, trade by trade. | F: Fire protection, thirty eight. Electrical, thirty three. Mechanical, a hundred and thirty three!
pairs	167.8	172.6	§CLASH_HUD_HIGHLIGHT ARC|STR 66	M: Architecture against structure.	M: The biggest pair? Architecture against structure. Sixty six.
reveal	172.6	193.9	§FINDINGS_CEASE storey-reveal-onset · §STOREY_REVEAL_TIMING 7 bands · §CLASH_HUD_HIGHLIGHT FP|MEP 81 (f4116) MEP|STR 38 (f4205) FP|STR 38 (f4294) ARC|ELEC 29 (f4383) ELEC|MEP 14 (f4472) ELEC|STR 4 (f4561)	F: Now the signs step aside. | M: Level by level.	F: And now, the signs step aside. | M: Level by level, colour by colour... the whole hospital. | F: Look, the side panel keeps counting! Fire protection against mechanical, eighty one. | M: Mechanical against structure, thirty eight. Fire protection against structure, thirty eight. | F: Architecture against electrical, twenty nine. | M: And every bit of it, from one IFC file.
value	193.9	198.8	red1 own narration (HospitalNarrative 169.9–187.1 s)	F: All on the fly? | M: No AI call.	F: And all of it, on the fly? | M: On the fly. No installer. No AI call.
cards	198.8	206.8	§MEASURE_BUILDING_CARD 440 doors · 22,031,100 total estimated cost · red1 sign-off	M: Twenty two million, estimated.	F: So, the bottom line? | M: Twenty two million, estimated. | F: Have a nice day!
