cover	0.3	7.8	cover card · §CUT_FILL_INFERRED	F: Bagaimana kalau tanah yang perlu dialihkan boleh dibaca dari model? | M: Potong dan tambak, dianggar.	F: Bagaimana kalau tanah yang perlu dialihkan boleh dibaca terus dari model? | M: Potong dan tambak... dianggarkan.
why	8.3	19.3	card c1 · §CHAINAGE_* chainage grid	M: Lebuh raya bukan bangunan. Chainage beritahu lokasinya.	M: Lebuh raya bukan bangunan. Anda tidak boleh berjalan di atasnya dan terus tahu lokasi. | F: Jadi? | M: Chainage tunjuk di mana tanah dipotong... dan ditambak.
how	19.8	30.8	card c2 · std_values.json _cut_fill rule (E1)	F: Bagaimana ia memutuskan? | M: Atas jalan ialah potong. Bawah ialah tambak.	F: Bagaimana ia tentukan? | M: Atas jalan ialah potongan. Bawah ialah tambakan. | F: Bercampur? | M: Lereng bukit. Oren potongan, biru tambakan.
today	31.3	42.3	card c3 · panel CUT 119,703 m3 · FILL 278,307 m3 (screenshot 06-10-27)	F: Apa yang jalan ini perlukan? | M: Lebih banyak tambakan.	F: Dan apa yang jalan ini perlukan? | M: Kira-kira seratus sembilan belas ribu meter padu potongan... dan dua ratus tujuh puluh lapan ribu tambakan.
open	43.2	46.2	clip 0-3 s: the road model, nothing switched on yet	F: Mari cuba. | M: Pada jalan sebenar.	F: Mari cuba. | M: Pada model jalan.
inspect	46.5	52.5	clip 4-10 s: Inspect menu shows Earthworks and Roadworks	F: Di mana saya cari? | M: Di bawah Inspect.	F: Di mana saya cari? | M: Di bawah Inspect. Earthworks dan Roadworks.
roadworks	53.0	64.0	clip 11-22 s: Roadworks panel, rows PENDING, markings DEFERRED	F: Dan Roadworks? | M: Disenaraikan, belum siap.	F: Dan Roadworks? | M: Senarai ciri akan datang, semua belum siap. Penanda jalan ditangguh, kerana lebuh raya berpisah.
earthpanel	64.5	71.5	clip 22-29 s: Earthworks panel, Cut and Fill switch	F: Dan Earthworks? | M: Satu suis aktif.	F: Dan Earthworks? | M: Satu suis aktif. Tindihan potong dan tambak... berlabel anggaran.
on	72.0	79.5	clip 29-37 s: overlay on; panel CUT 119,703 m3 FILL 278,307 m3	F: Hidupkan! | M: Oren potongan. Biru tambakan.	F: Hidupkan! | M: Oren ialah potongan. Biru ialah tambakan. Jumlah muncul serta-merta.
bands	80.0	86.5	clip 37-44 s: band list; panel row CUT CH 0+919-1+182 76,281 m3	F: Di mana tepatnya? | M: Ikut chainage, jalur demi jalur.	F: Di mana? | M: Ikut chainage. Satu jalur potongan: tujuh puluh enam ribu meter padu.
close	87.0	94.0	clip 40-46 s: close-up of slopes (§EARTH_TINT protected elements untouched)	M: Jalan, longkang dan papan tanda tidak diwarnakan semula.	M: Dari dekat, warna mengikut tanah... dan jalan, longkang serta papan tanda tidak pernah diwarnakan semula.
wide	94.5	105.5	clip 53-64 s: pull back along the whole road; panel text 'INFERRED from the contour IFC'	F: Setepat mana? | M: Dianggar, bukan diekstrak.	F: Setepat mana? | M: Ia dianggar daripada kontur, bukan diekstrak daripada alat reka bentuk. | F: Jurutera boleh laraskan? | M: Boleh... bila permukaan reka bentuk ada.
end	108.4	117.6	end card	M: Setiap nilai datang daripada fail IFC sahaja.	M: Setiap nilai datang daripada fail IFC sahaja. | F: Potong dan tambak... sebelum sesiapa menggali.
