cover	0.3	7.8	title card · CHAINAGE_GRID spec	F: So what are we looking at? | M: A road, with its chainage read from the model's own letters.	F: So... what are we looking at here? | M: A road model. And its chainage, read straight from the model's own letters.
letters	8.3	19.3	§CHAINAGE_READ solids=332 · no name/pset/text (elements_meta, element_psets)	M: Three hundred thirty-two solid letters. No text, no property.	M: See the numbers on the ground? Two hundred, four hundred, J two A. | F: Just shapes? | M: Three hundred and thirty-two solid letters. No text, no property.
read	19.8	30.8	§CHAINAGE_READ labels=36 · §CHAINAGE_AUTO_READ ms=899 · §CHAINAGE_PANEL main=23 arms=4	F: How does it read them? | M: Thirty-six labels, in under a second.	F: So how does it read them? | M: It groups the letters into thirty-six labels, and matches every character against standard fonts. Under a second. | F: Twenty-three stations, and four junction arms!
one	31.3	42.3	§CHAINAGE_STATION via=axis · §CHAINAGE_EVERYWHERE (bim-ootb #1949)	M: Every check now speaks the same chainage.	M: Each label's line is followed to where it crosses the road. That's the station. | F: And then? | M: Speed zones, sections, the strip... they all speak the same chainage.
panel	42.8	54.3	clip 0–12 s: Road standards panel → Chainage (screenshot: 9 DRIFT · 12 OK)	F: Here's the road standards panel. | M: And chainage, from model markers.	F: Here's the road standards panel. Signs... speed zones... | M: And now, chainage. From the model's markers. Nine drift, twelve OK.
show	54.8	66.3	§CHAINAGE_GRID_DRAW minor=84 major=22 tags=36	F: Show it on the road! | M: Tags at every marker, ticks every twenty metres.	F: Let's show it on the road! | M: A tag at every marker. A tick every twenty metres, a bold one every hundred. | F: And that bar at the bottom?
fly	66.8	73.3	clip 24–31 s: strip drag → CH 0+600 over the bridge	M: The whole road in one strip. Drag it, and you fly.	M: The whole road, in one strip. Drag it... and you fly. Chainage six hundred, over the bridge.
arm	73.7	78.3	clip 31–36 s: J1A arm marker focused (glyph '0' outlined)	F: What's that shape? | M: The model's own letter zero.	F: What's that shape? | M: The model's own letter zero... arm J one A.
round	78.7	84.3	§CHAINAGE_PANEL arms J1A×3 J1B×2 J2A×5 J2B×3	M: The arms keep their own chainage.	M: Junction arms keep their own chainage. | F: Even round the roundabout!
hover	84.8	106.3	§CHAINAGE_INTERVAL 500->600 drift=-11.5 · hover chip (§CHAINAGE_INDEP_HOVER)	F: I just point at the road? | M: The chip shows chainage, zone and level.	F: Now I just point at the road? | M: Yes. The chip tells you where you are... chainage, speed zone, road level. | F: So every check now talks in real stations? | M: Exactly. And where the guessed route disagrees with the markers, by up to eleven and a half metres in a hundred, the panel says so.
close	106.8	113.1	user framing: no prep work	F: No prep, no retyping. | M: Just the model's own letters.	F: No prep. No retyping. | M: Just the model's own letters... in the browser.
end	113.8	125.3	user end-card text (2026-10-08), paraphrased	M: Every value here comes from the IFC alone.	M: This is new. Every value you saw comes from the IFC alone. | F: A quick health check for the design engineer! | M: And next, a high-level dashboard... to go faster, and further.
