open	0.0	13.0	§GEOREF_SITE lat=42.358 lon=-71.060 (ifc_site) = Boston · §CPE_DAY_COUNTER day=1 · red1 opening	F: Bonjour, depuis Boston ! | M: Un hôpital, en construction.	F: Bonjour, depuis Boston ! Qu'est-ce qu'on a ici ? | M: Un hôpital, en construction. Ses données IFC calculent tout ce que vous voyez. | F: Tout ? | M: Comment il est construit, ce qu'il coûte... et ses angles morts.
inside	13.0	18.4	§LINEAR_BEAT_DRAW beam · §SLAB_BEAT_LABEL · §FLYTHRU_DATUM_ENTRY 10.75 s	M: Et nous voilà dedans.	M: L'acier, puis les planchers... et nous voilà déjà dedans. | F: Alors qu'il monte encore !
hall	18.4	30.4	§INDOOR_BEAT_DRAW hall 6,239 m² · height 5,498 mm · §RULE_FILM_EXIT_STAT ~217 steps	F: Regardez ce hall ! | M: Plus de six mille mètres carrés.	F: Oh, regardez ce hall ! | M: Plus de six mille mètres carrés. Cinq mètres et demi sous plafond. | F: Et le plus long trajet vers la sortie ? | M: Environ deux cent dix-sept pas. Il les compte.
days	30.4	43.8	§CPE_DAY_COUNTER day 137→182 · §CPE_BUILDUP 40,725/63,418 at 40 s · §COST_ODOMETER	F: Dehors, le calendrier file !	F: Pendant ce temps, dehors, le calendrier file ! | M: Jour cent quatre-vingts. Près des deux tiers des pièces sont posées. | F: Chaque pièce planifiée, et chiffrée, directement depuis la maquette.
checks	43.8	56.9	§MEASURE_BOX Structural · §RULE_FILM structuralTotal=384 egressTotal=26	F: C'est quoi cette boîte ? | M: Des contrôles structurels.	F: Hé, c'est quoi cette boîte ? | M: Des contrôles structurels. La maquette se vérifie elle-même en grandissant. | F: Combien en trouve-t-elle ? | M: Trois cent quatre-vingt-quatre en structure. Vingt-six en sécurité.
egress	56.9	62.9	§MEASURE_BOX "Safety — common path of egress travel" limit 22.9 m	F: Et la sécurité ? | M: Le chemin vers la sortie.	F: Et la sécurité, c'est quoi ? | M: La distance à parcourir avant d'avoir le choix entre deux sorties.
door	62.9	72.5	§INDOOR_BEAT_DRAW door 1,080 × 2,110 mm · §MEASURE_BUILDING_CARD 440 doors	F: Même les portes sont mesurées !	F: Même les portes sont mesurées ! | M: Mille quatre-vingts sur deux mille cent dix. Et il y en a quatre cent quarante.
done	72.5	82.8	§CPE_BUILDUP 63,418/63,418 + §CPE_DAY_COUNTER day=321 (frame 1740) · §COST_ODOMETER_FINAL hours=94,880.8	F: Jour trois cent vingt et un ! | M: Gros œuvre terminé.	F: Jour trois cent vingt et un ! | M: Gros œuvre terminé. Les soixante-trois mille pièces... et près de quatre-vingt-quinze mille heures de travail.
loadpath	82.8	95.0	§LOADPATH_STACK (hold 82.8–90.2 s) · §MEASURE_BOX "Safety — isolated room" 83.06 · §EGRESS isolated_room=1	F: Pourquoi ça s'arrête ? | M: La descente de charges.	F: Attendez... pourquoi ça s'arrête ? | M: La descente de charges. Le reste est retiré, pour voir le poids descendre, étage par étage. | F: Et cette boîte ? | M: Une pièce isolée. Un angle mort.
clash	95.0	115.0	§CLASH_NARROWPHASE broad=1478 meshTrue=271 falsePositiveRate=79.0% · clash_film.js tolerance per rule	F: Il montre tous les conflits ! | M: Du vrai chevauchement de maillage.	F: Oh regardez, il montre tous les conflits ! | M: Oui. Mais pas des boîtes englobantes. Du vrai chevauchement de maillage, vérifié selon sa tolérance. | F: Ça change quelque chose ? | M: Les boîtes en signalaient presque mille cinq cents. Les vrais chevauchements ? Deux cent soixante et onze. | F: Donc quatre sur cinq étaient de fausses alertes !
which	115.0	133.8	§CLASH_LABELS top pairs: Pipe/Duct 66, Cable Tray/Wall 44 · clash_labels.js "[Tolerance mm/Clash mm]" · §MEASURE_BOX "Structural — span depth cantilever" (linger 123.03) · red1 own narration (false alarms point)	F: Qu'est-ce qui entre le plus en conflit ? | M: Les tuyaux contre les gaines.	F: Alors, qu'est-ce qui entre le plus en conflit ? | M: Les tuyaux contre les gaines. Et les chemins de câbles, dans les murs. | F: Chaque étiquette montre la tolérance... et la profondeur. | M: Certaines sont de fausses alertes. Mais si votre maquette a le problème, il le trouve. | F: Et cette boîte ? | M: Portée et hauteur. Chaque poutre est-elle assez haute pour sa portée ?
rules2	133.8	148.7	§MEASURE_BOX "Safety — circulation distance" 133.8 · "Structural — column continuity" 137.1 · §EGRESS circulation_distance=13 · §STRUCT_SANITY column_continuity=15	F: Encore des contrôles. | M: Circulation et poteaux.	F: Encore des boîtes. La distance de circulation ? | M: Treize trajets trop longs jusqu'à une sortie. | F: Et la continuité des poteaux. | M: Quinze poteaux signalés, d'un étage à l'autre.
datum	148.7	159.8	§FLYTHRU_DATUM_LIFE2 148.7–163.4 s (setting-out sheet over finished building)	F: Le plan d'implantation, encore.	F: Oh, le plan d'implantation, encore ! | M: Posé directement sur le bâtiment terminé.
parade	159.8	167.8	§CLASH_DISC_ARRIVAL_HIGHLIGHT FP 38 · ELEC 33 · MEP 133	M: Corps d'état par corps d'état.	F: Incendie, trente-huit, électricité, trente-trois, mécanique, cent trente-trois !
pairs	167.8	172.6	§CLASH_HUD_HIGHLIGHT ARC|STR 66	M: Architecture contre structure.	M: La plus grande paire ? Architecture contre structure. Soixante-six.
reveal	172.6	193.9	§FINDINGS_CEASE storey-reveal-onset · §STOREY_REVEAL_TIMING 7 bands · §CLASH_HUD_HIGHLIGHT FP|MEP 81 (f4116) MEP|STR 38 (f4205) FP|STR 38 (f4294) ARC|ELEC 29 (f4383) ELEC|MEP 14 (f4472) ELEC|STR 4 (f4561)	F: Niveau par niveau, tout l'hôpital.	F: Les panneaux s'écartent. | M: Niveau par niveau... tout l'hôpital. | F: Le panneau latéral compte encore ! Incendie contre mécanique, quatre-vingt-un. | M: Mécanique contre structure, trente-huit. Incendie contre structure, pareil. | F: Architecture contre électricité, vingt-neuf. | M: Tout ça, d'un seul fichier IFC.
value	193.9	198.8	red1 own narration (HospitalNarrative 169.9–187.1 s)	F: À la volée ? | M: Sans appel à une IA.	F: À la volée ? | M: Sans installation, sans IA.
cards	198.8	206.8	§MEASURE_BUILDING_CARD 440 doors · 22,031,100 total estimated cost · red1 sign-off	M: Vingt-deux millions, estimés.	F: Alors, le bilan ? | M: Vingt-deux millions, estimés. | F: Bonne journée !
