cover	0.3	7.8	cover card · §CUT_FILL_INFERRED	F: What if the earth to move could be read from the model? | M: Cut and fill, inferred.	F: What if the earth to be moved could be read straight from the model? | M: Cut and fill... inferred.
why	8.3	19.3	card c1 · §CHAINAGE_* chainage grid	M: A highway is not a building. Chainage says where.	M: A highway is not a building. You cannot walk it and simply know where you are. | F: So? | M: Chainage says exactly where the earth is cut... and where it is filled.
how	19.8	30.8	card c2 · std_values.json _cut_fill rule (E1)	F: How does it decide? | M: Above the road is cut. Below is fill.	F: How does it decide? | M: Ground above the road on both sides is cut. Below on both sides is fill. | F: Mixed? | M: Side-hill. Orange is cut, blue is fill... never green.
today	31.3	42.3	card c3 · panel CUT 119,703 m3 · FILL 278,307 m3 (screenshot 06-10-27)	F: What does this road need? | M: More fill than cut.	F: And what does this road need? | M: About one hundred nineteen thousand cubic metres of cut... and two hundred seventy-eight thousand of fill.
open	43.2	46.2	clip 0-3 s: the road model, nothing switched on yet	F: Let us try it. | M: On the real road.	F: Let us try it. | M: On the real road model.
inspect	46.5	52.5	clip 4-10 s: Inspect menu shows Earthworks and Roadworks	F: Where do I find it? | M: Under Inspect.	F: Where do I find it? | M: Under Inspect. Earthworks... and Roadworks.
roadworks	53.0	64.0	clip 11-22 s: Roadworks panel, rows PENDING, markings DEFERRED	F: And Roadworks? | M: Listed, still pending.	F: And Roadworks? | M: It lists what is coming. Sight distance, curve radius, furniture. All marked pending... and road markings deferred, because this is a divided highway.
earthpanel	64.5	71.5	clip 22-29 s: Earthworks panel, Cut and Fill switch	F: And Earthworks? | M: One live switch.	F: And Earthworks? | M: One live switch. Cut and fill overlay... labelled inferred.
on	72.0	79.5	clip 29-37 s: overlay on; panel CUT 119,703 m3 FILL 278,307 m3	F: Switch it on! | M: Orange is cut. Blue is fill.	F: Switch it on! | M: Orange is cut. Blue is fill. And the totals appear at once... cut and fill, in cubic metres.
bands	80.0	86.5	clip 37-44 s: band list; panel row CUT CH 0+919-1+182 76,281 m3	F: Where exactly? | M: By chainage, band by band.	F: Where exactly? | M: By chainage. One cut band alone holds seventy-six thousand cubic metres.
close	87.0	94.0	clip 40-46 s: close-up of slopes (§EARTH_TINT protected elements untouched)	M: Roads, drains and signs are never recoloured.	M: Up close, the tint follows the ground... and the road, drains and signs are never recoloured.
wide	94.5	105.5	clip 53-64 s: pull back along the whole road; panel text 'INFERRED from the contour IFC'	F: How accurate is it? | M: Inferred, not extracted.	F: How accurate is it? | M: It is inferred from the contours, not extracted from the design tool. | F: So engineers can adjust it? | M: Yes... once they have the design surfaces.
end	108.4	117.6	end card	M: Every value comes from the IFC file alone.	M: Every value comes from the IFC file alone. | F: Cut and fill... before anyone digs.
