c1	0.15	3.3	chapter card 1/8	F: One. Drop a file.	F: One. Drop a file.
open	3.5	16.3	§BIM_LOAD name=Duplex_ARC.ifc schema=IFC2X3 entities=38898 products=307 · on-screen label 'Duplex_ARC.ifc · IFC2X3 · 307 items' · toast 'Opened Duplex_ARC.ifc. Press U to upgrade, K to split, 6 for a health report, E to pick items.'	F: Drop an I F C, and it just opens. | M: Nothing runs by surprise.	F: An empty page, and nothing lit? | M: So nothing runs by surprise. Just drop the file in. | F: It opened, and it stands upright on a grid! | M: Three hundred and seven items, schema I F C two by three. Orbit all the way round.
keys	16.5	27.3	keys panel (?) on screen: U upgrade, E extract, K split, 6 health report, O show or hide, F search, 9 toolkit zip	F: Which keys? | M: Press the question mark. One letter per tool.	F: How do I remember the keys? | M: Press the question mark. One letter per tool. | F: Upgrade, extract, split, health... | M: Search, toolkit zip. Escape closes the list.
c2	27.5	30.7	chapter card 2/8	M: Two. Upgrade to I F C four point three.	M: Two. Upgrade to I F C four point three.
upgrade	30.9	40.7	§UPGRADE_REPORT entitiesIn=38898 entitiesOut=38603 requiredEmpty IFCRELSPACEBOUNDARY.RelatedBuildingElement=28 · toast 'Upgraded to IFC4.3: 38898 → 38603 entities, 28 unrepresentable dropped (110 ms) — PASS' · saved Duplex_ARC_ifc43.ifc 2.3 MB	F: One key, U. | M: Done in a tenth of a second.	F: Just press U? | M: Done in a tenth of a second. | F: And the twenty-eight dropped? | M: Boundaries with no building element. Counted, never invented.
c3	41.0	44.1	chapter card 3/8	F: Three. Already upgraded?	F: Three. Already upgraded?
again	44.4	58.1	toasts 'Closed Duplex_ARC.ifc. Drop an IFC to start again.' · 'Upgrade to IFC4.3: nothing done — already IFC4X3_ADD2' · label 'Duplex_ARC_ifc43.ifc · IFC4X3_ADD2 · 307 items'	F: Upgrade it twice? | M: It checks first. Nothing done.	F: I close the file, and drop the upgraded one in. | M: Press U again. It checks first. Nothing done, already I F C four X three. | F: So it never upgrades twice? | M: Never. And your original stays as it was.
c4	58.4	61.5	chapter card 4/8	M: Four. Search, pick, look around.	M: Four. Search, pick, look around.
search	61.7	73.5	§BIM_SEARCH (search panel list, query 'table') · §BIM_SELECT n=1 via=search · toast-free: view unchanged	F: I want the coffee table. | M: Press F and type table.	F: Now I want the coffee table. | M: Press F, and type table. The list narrows as you type. | F: And clicking a row? | M: It selects it, in amber. The view does not move.
look	73.7	99.5	free camera on screen: wheel-zoom toward the pointer, selected item drawn through the wall (W-CAM-1/2/3: camera delta 0, 31.8 m -> 1.28 m to the item, polar limits 0..pi)	F: It is inside the house! | M: Scroll toward it. The zoom follows the pointer.	F: But the table is inside the house! | M: Scroll toward it. The zoom goes to whatever the pointer is on, right through the wall. | F: Can I get stuck? | M: No. Orbit over the top, or underneath. Nothing blocks you. | F: And can I still see my pick? | M: Selected items are drawn on top, so a wall never hides them. | F: Even from outside? | M: Even from outside.
pick2	99.7	111.5	hover tip 'Class · Name — click to select' · top chip '2 selected'	F: What is that? | M: Hover shows class and name.	F: Hovering tells me what it is? | M: Class and name. Click to add it. | F: So, the table and the side table. | M: Two selected, shown at the top. | F: They stay selected while I move around? | M: Until you press Clear.
c5	111.8	114.9	chapter card 5/8	F: Five. Extract to its own I F C.	F: Five. Extract to its own I F C.
extract	115.1	132.9	toast 'Exported 2 items → 574 entities — PASS' · downloads Duplex_ARC_ifc43_extract.ifc · §BIM_EXPORT selected=2 dangling=0	F: Take them out. | M: Press E. Two items, five hundred seventy-four entities. Pass.	F: Now take them out. | M: Press E, or Export. Two items, five hundred seventy-four entities. Pass. | F: Just the two pieces? | M: It keeps the storey and building they sit in, so the file stands on its own. | F: And the IDs? | M: Kept.
c6	133.2	136.3	chapter card 6/8	M: Six. Split by storey.	M: Six. Split by storey.
split	136.6	155.3	toast 'Split into 4 storey files — PASS' · downloads Duplex_ARC_ifc43_Roof / T_FDN / Level_2 / Level_1 .ifc	F: One floor on its own? | M: Press K. Four files, one per storey.	F: And a floor on its own? | M: Press K. One file per storey. | F: How many here? | M: Four. Level one, level two, the foundation, and the roof. | F: Are they separate files? | M: Separate files, named after the storey. | F: What is that good for? | M: To send one floor to someone, or load just the part you need.
c7	155.6	158.7	chapter card 7/8	F: Seven. Health report.	F: Seven. Health report.
health	158.9	175.7	toast 'Health: 230 elements, 0 duplicate GUIDs, 23 orphans, psets 92.6%' · §HEALTH_REPORT M3_elements=230 M15_duplicateGuids=0 M14_orphans=23 M7_psetPct=92.6 · Duplex_ARC_ifc43_health.json opened in a tab	F: Is it healthy? | M: Press six. Two hundred thirty elements, no duplicate IDs.	F: Is this model healthy? | M: Press six. Two hundred thirty elements, no duplicate IDs. | F: And twenty-three orphans? | M: Elements in no storey or space. Ninety-two point six percent have property sets. | F: Is that a grade? | M: No. Counts only. A J SON file is saved too.
c8	175.9	179.0	chapter card 8/8	M: Eight. Take it to your desktop.	M: Eight. Take it to your desktop.
zip	179.4	200.7	toolkit panel on screen (Upgrade, Extract, Split, Health ticked; System Linux / Windows / macOS; 'Unsigned scripts, plain text, no network calls. The zip includes SHA256SUMS.txt and a README') · toast 'Zip downloaded. Read README.txt first.' · SHA-256 shown	F: Can I take it home? | M: Press nine. Tick the tools, pick your system.	F: Can I take this to my own desktop? | M: Press nine. Tick the tools, and pick Windows, Mac or Linux. | F: Is it safe to run? | M: Plain text scripts, no network calls. The zip shows its S H A two fifty-six, and a read-me says what to do. | F: And then? | M: Drop I F C files on the launchers. Batch work, no browser.
end	201.0	209.2	closing page, user's line: 'This is LIGHT version of the BIM Trilogy for fast one time tasks that your app maybe too heavy to do.'	M: This is the light version of the BIM trilogy, for fast, one-time tasks that your app may be too heavy to do.	M: This is the light version of the BIM trilogy, for fast, one-time tasks that your app may be too heavy to do.
